row_key,snapshot_date,demographic_kind,category,value,percentage_label,percentage,country
2026-07-27|audience|Company|Pentaho,2026-07-27,audience,Company,Pentaho,4%,4,
2026-07-27|audience|Company|Hitachi Vantara,2026-07-27,audience,Company,Hitachi Vantara,2%,2,
2026-07-27|audience|Company|Tata Consultancy Services,2026-07-27,audience,Company,Tata Consultancy Services,1%,1,
2026-07-27|audience|Company|IBM,2026-07-27,audience,Company,IBM,1%,1,
2026-07-27|audience|Company|HCLTech,2026-07-27,audience,Company,HCLTech,1%,1,
2026-07-27|audience|Company|Accenture,2026-07-27,audience,Company,Accenture,1%,1,
2026-07-27|audience|Company|Infosys,2026-07-27,audience,Company,Infosys,1%,1,
2026-07-27|audience|Company|Vmoksha Technologies Pvt. Ltd,2026-07-27,audience,Company,Vmoksha Technologies Pvt. Ltd,1%,1,
2026-07-27|audience|Company|Cognizant,2026-07-27,audience,Company,Cognizant,< 1%,0.5,
2026-07-27|audience|Location|Greater Bengaluru Area,2026-07-27,audience,Location,Greater Bengaluru Area,27%,27,India
2026-07-27|audience|Location|New York City Metropolitan Area,2026-07-27,audience,Location,New York City Metropolitan Area,9%,9,United States
2026-07-27|audience|Location|San Francisco Bay Area,2026-07-27,audience,Location,San Francisco Bay Area,5%,5,United States
2026-07-27|audience|Location|Greater Chennai Area,2026-07-27,audience,Location,Greater Chennai Area,4%,4,India
2026-07-27|audience|Location|Greater Hyderabad Area,2026-07-27,audience,Location,Greater Hyderabad Area,4%,4,India
"2026-07-27|audience|Location|London Area, United Kingdom",2026-07-27,audience,Location,"London Area, United Kingdom",2%,2,United Kingdom
2026-07-27|audience|Location|Singapore,2026-07-27,audience,Location,Singapore,2%,2,Singapore
2026-07-27|audience|Location|Greater Delhi Area,2026-07-27,audience,Location,Greater Delhi Area,2%,2,India
2026-07-27|audience|Location|Greater Orlando,2026-07-27,audience,Location,Greater Orlando,2%,2,United States
"2026-07-27|audience|Company size|10,001+ employees",2026-07-27,audience,Company size,"10,001+ employees",28%,28,
2026-07-27|audience|Company size|51-200 employees,2026-07-27,audience,Company size,51-200 employees,10%,10,
"2026-07-27|audience|Company size|1,001-5,000 employees",2026-07-27,audience,Company size,"1,001-5,000 employees",9%,9,
"2026-07-27|audience|Company size|5,001-10,000 employees",2026-07-27,audience,Company size,"5,001-10,000 employees",8%,8,
2026-07-27|audience|Company size|11-50 employees,2026-07-27,audience,Company size,11-50 employees,8%,8,
2026-07-27|audience|Company size|2-10 employees,2026-07-27,audience,Company size,2-10 employees,8%,8,
2026-07-27|audience|Company size|201-500 employees,2026-07-27,audience,Company size,201-500 employees,7%,7,
"2026-07-27|audience|Company size|501-1,000 employees",2026-07-27,audience,Company size,"501-1,000 employees",5%,5,
2026-07-27|audience|Company size|0-1 employees,2026-07-27,audience,Company size,0-1 employees,1%,1,
2026-07-27|audience|Seniority|Senior,2026-07-27,audience,Seniority,Senior,44%,44,
2026-07-27|audience|Seniority|Entry,2026-07-27,audience,Seniority,Entry,12%,12,
2026-07-27|audience|Seniority|Director,2026-07-27,audience,Seniority,Director,11%,11,
2026-07-27|audience|Seniority|Manager,2026-07-27,audience,Seniority,Manager,7%,7,
2026-07-27|audience|Seniority|VP,2026-07-27,audience,Seniority,VP,6%,6,
2026-07-27|audience|Seniority|CXO,2026-07-27,audience,Seniority,CXO,5%,5,
2026-07-27|audience|Seniority|Owner,2026-07-27,audience,Seniority,Owner,3%,3,
2026-07-27|audience|Seniority|Partner,2026-07-27,audience,Seniority,Partner,2%,2,
2026-07-27|audience|Job title|Software Engineer,2026-07-27,audience,Job title,Software Engineer,6%,6,
2026-07-27|audience|Job title|Founder,2026-07-27,audience,Job title,Founder,3%,3,
2026-07-27|audience|Job title|Co-Founder,2026-07-27,audience,Job title,Co-Founder,2%,2,
2026-07-27|audience|Job title|Solutions Architect,2026-07-27,audience,Job title,Solutions Architect,2%,2,
2026-07-27|audience|Job title|Chief Executive Officer,2026-07-27,audience,Job title,Chief Executive Officer,2%,2,
2026-07-27|audience|Job title|Project Manager,2026-07-27,audience,Job title,Project Manager,1%,1,
2026-07-27|audience|Job title|Professor,2026-07-27,audience,Job title,Professor,1%,1,
2026-07-27|audience|Job title|Data Engineer,2026-07-27,audience,Job title,Data Engineer,1%,1,
2026-07-27|audience|Job title|Architect,2026-07-27,audience,Job title,Architect,1%,1,
2026-07-27|audience|Industry|IT Services and IT Consulting,2026-07-27,audience,Industry,IT Services and IT Consulting,36%,36,
2026-07-27|audience|Industry|Software Development,2026-07-27,audience,Industry,Software Development,21%,21,
2026-07-27|audience|Industry|Financial Services,2026-07-27,audience,Industry,Financial Services,4%,4,
"2026-07-27|audience|Industry|Technology, Information and Internet",2026-07-27,audience,Industry,"Technology, Information and Internet",3%,3,
2026-07-27|audience|Industry|Staffing and Recruiting,2026-07-27,audience,Industry,Staffing and Recruiting,3%,3,
2026-07-27|audience|Industry|Human Resources Services,2026-07-27,audience,Industry,Human Resources Services,3%,3,
2026-07-27|audience|Industry|Business Consulting and Services,2026-07-27,audience,Industry,Business Consulting and Services,2%,2,
2026-07-27|audience|Industry|Banking,2026-07-27,audience,Industry,Banking,1%,1,
2026-07-27|audience|Industry|Hospitals and Health Care,2026-07-27,audience,Industry,Hospitals and Health Care,1%,1,
2026-07-27|audience|Industry|Semiconductor Manufacturing,2026-07-27,audience,Industry,Semiconductor Manufacturing,1%,1,
2026-08-02|audience|Company|Pentaho,2026-08-02,audience,Company,Pentaho,3%,3,
2026-08-02|audience|Company|Hitachi Vantara,2026-08-02,audience,Company,Hitachi Vantara,2%,2,
2026-08-02|audience|Company|Tata Consultancy Services,2026-08-02,audience,Company,Tata Consultancy Services,1%,1,
2026-08-02|audience|Company|HCLTech,2026-08-02,audience,Company,HCLTech,1%,1,
2026-08-02|audience|Company|IBM,2026-08-02,audience,Company,IBM,1%,1,
2026-08-02|audience|Company|Accenture,2026-08-02,audience,Company,Accenture,< 1%,0.5,
2026-08-02|audience|Company|Vmoksha Technologies Pvt. Ltd,2026-08-02,audience,Company,Vmoksha Technologies Pvt. Ltd,< 1%,0.5,
2026-08-02|audience|Company|Infosys,2026-08-02,audience,Company,Infosys,< 1%,0.5,
2026-08-02|audience|Company|Cognizant,2026-08-02,audience,Company,Cognizant,< 1%,0.5,
2026-08-02|audience|Location|Greater Bengaluru Area,2026-08-02,audience,Location,Greater Bengaluru Area,27%,27,India
2026-08-02|audience|Location|New York City Metropolitan Area,2026-08-02,audience,Location,New York City Metropolitan Area,9%,9,United States
2026-08-02|audience|Location|San Francisco Bay Area,2026-08-02,audience,Location,San Francisco Bay Area,5%,5,United States
2026-08-02|audience|Location|Greater Chennai Area,2026-08-02,audience,Location,Greater Chennai Area,4%,4,India
2026-08-02|audience|Location|Greater Hyderabad Area,2026-08-02,audience,Location,Greater Hyderabad Area,4%,4,India
"2026-08-02|audience|Location|London Area, United Kingdom",2026-08-02,audience,Location,"London Area, United Kingdom",2%,2,United Kingdom
2026-08-02|audience|Location|Singapore,2026-08-02,audience,Location,Singapore,2%,2,Singapore
2026-08-02|audience|Location|Greater Delhi Area,2026-08-02,audience,Location,Greater Delhi Area,2%,2,India
2026-08-02|audience|Location|Greater Orlando,2026-08-02,audience,Location,Greater Orlando,2%,2,United States
"2026-08-02|audience|Company size|10,001+ employees",2026-08-02,audience,Company size,"10,001+ employees",29%,29,
2026-08-02|audience|Company size|51-200 employees,2026-08-02,audience,Company size,51-200 employees,9%,9,
"2026-08-02|audience|Company size|1,001-5,000 employees",2026-08-02,audience,Company size,"1,001-5,000 employees",9%,9,
"2026-08-02|audience|Company size|5,001-10,000 employees",2026-08-02,audience,Company size,"5,001-10,000 employees",8%,8,
2026-08-02|audience|Company size|11-50 employees,2026-08-02,audience,Company size,11-50 employees,8%,8,
2026-08-02|audience|Company size|2-10 employees,2026-08-02,audience,Company size,2-10 employees,8%,8,
2026-08-02|audience|Company size|201-500 employees,2026-08-02,audience,Company size,201-500 employees,7%,7,
"2026-08-02|audience|Company size|501-1,000 employees",2026-08-02,audience,Company size,"501-1,000 employees",5%,5,
2026-08-02|audience|Company size|0-1 employees,2026-08-02,audience,Company size,0-1 employees,1%,1,
2026-08-02|audience|Seniority|Senior,2026-08-02,audience,Seniority,Senior,44%,44,
2026-08-02|audience|Seniority|Entry,2026-08-02,audience,Seniority,Entry,13%,13,
2026-08-02|audience|Seniority|Director,2026-08-02,audience,Seniority,Director,11%,11,
2026-08-02|audience|Seniority|Manager,2026-08-02,audience,Seniority,Manager,7%,7,
2026-08-02|audience|Seniority|VP,2026-08-02,audience,Seniority,VP,6%,6,
2026-08-02|audience|Seniority|CXO,2026-08-02,audience,Seniority,CXO,5%,5,
2026-08-02|audience|Seniority|Owner,2026-08-02,audience,Seniority,Owner,3%,3,
2026-08-02|audience|Seniority|Partner,2026-08-02,audience,Seniority,Partner,2%,2,
2026-08-02|audience|Job title|Software Engineer,2026-08-02,audience,Job title,Software Engineer,6%,6,
2026-08-02|audience|Job title|Founder,2026-08-02,audience,Job title,Founder,3%,3,
2026-08-02|audience|Job title|Co-Founder,2026-08-02,audience,Job title,Co-Founder,2%,2,
2026-08-02|audience|Job title|Chief Executive Officer,2026-08-02,audience,Job title,Chief Executive Officer,2%,2,
2026-08-02|audience|Job title|Solutions Architect,2026-08-02,audience,Job title,Solutions Architect,2%,2,
2026-08-02|audience|Job title|Project Manager,2026-08-02,audience,Job title,Project Manager,2%,2,
2026-08-02|audience|Job title|Professor,2026-08-02,audience,Job title,Professor,1%,1,
2026-08-02|audience|Job title|Data Engineer,2026-08-02,audience,Job title,Data Engineer,1%,1,
2026-08-02|audience|Job title|Architect,2026-08-02,audience,Job title,Architect,< 1%,0.5,
2026-08-02|audience|Industry|IT Services and IT Consulting,2026-08-02,audience,Industry,IT Services and IT Consulting,36%,36,
2026-08-02|audience|Industry|Software Development,2026-08-02,audience,Industry,Software Development,21%,21,
2026-08-02|audience|Industry|Financial Services,2026-08-02,audience,Industry,Financial Services,4%,4,
"2026-08-02|audience|Industry|Technology, Information and Internet",2026-08-02,audience,Industry,"Technology, Information and Internet",3%,3,
2026-08-02|audience|Industry|Staffing and Recruiting,2026-08-02,audience,Industry,Staffing and Recruiting,3%,3,
2026-08-02|audience|Industry|Human Resources Services,2026-08-02,audience,Industry,Human Resources Services,3%,3,
2026-08-02|audience|Industry|Business Consulting and Services,2026-08-02,audience,Industry,Business Consulting and Services,2%,2,
2026-08-02|audience|Industry|Banking,2026-08-02,audience,Industry,Banking,1%,1,
2026-08-02|audience|Industry|Hospitals and Health Care,2026-08-02,audience,Industry,Hospitals and Health Care,1%,1,
2026-08-02|audience|Industry|Semiconductor Manufacturing,2026-08-02,audience,Industry,Semiconductor Manufacturing,1%,1,
2026-08-02|content|Company|Tata Consultancy Services,2026-08-02,content,Company,Tata Consultancy Services,2%,2,
2026-08-02|content|Company|Cognizant,2026-08-02,content,Company,Cognizant,1%,1,
2026-08-02|content|Company|Accenture,2026-08-02,content,Company,Accenture,1%,1,
2026-08-02|content|Company|Infosys,2026-08-02,content,Company,Infosys,< 1%,0.5,
2026-08-02|content|Company|Deloitte,2026-08-02,content,Company,Deloitte,< 1%,0.5,
2026-08-02|content|Company|IBM,2026-08-02,content,Company,IBM,< 1%,0.5,
2026-08-02|content|Company|Microsoft,2026-08-02,content,Company,Microsoft,< 1%,0.5,
2026-08-02|content|Company|Oracle,2026-08-02,content,Company,Oracle,< 1%,0.5,
2026-08-02|content|Location|Greater Bengaluru Area,2026-08-02,content,Location,Greater Bengaluru Area,10%,10,India
2026-08-02|content|Location|Greater Hyderabad Area,2026-08-02,content,Location,Greater Hyderabad Area,5%,5,India
2026-08-02|content|Location|New York City Metropolitan Area,2026-08-02,content,Location,New York City Metropolitan Area,4%,4,United States
2026-08-02|content|Location|Washington DC-Baltimore Area,2026-08-02,content,Location,Washington DC-Baltimore Area,3%,3,United States
2026-08-02|content|Location|Dallas-Fort Worth Metroplex,2026-08-02,content,Location,Dallas-Fort Worth Metroplex,3%,3,United States
2026-08-02|content|Location|San Francisco Bay Area,2026-08-02,content,Location,San Francisco Bay Area,3%,3,United States
2026-08-02|content|Location|Greater Chennai Area,2026-08-02,content,Location,Greater Chennai Area,3%,3,India
2026-08-02|content|Location|Pune/Pimpri-Chinchwad Area,2026-08-02,content,Location,Pune/Pimpri-Chinchwad Area,3%,3,India
2026-08-02|content|Location|Greater Delhi Area,2026-08-02,content,Location,Greater Delhi Area,2%,2,India
"2026-08-02|content|Company size|10,001+ employees",2026-08-02,content,Company size,"10,001+ employees",40%,40,
"2026-08-02|content|Company size|1,001-5,000 employees",2026-08-02,content,Company size,"1,001-5,000 employees",12%,12,
2026-08-02|content|Company size|51-200 employees,2026-08-02,content,Company size,51-200 employees,7%,7,
"2026-08-02|content|Company size|5,001-10,000 employees",2026-08-02,content,Company size,"5,001-10,000 employees",7%,7,
2026-08-02|content|Company size|201-500 employees,2026-08-02,content,Company size,201-500 employees,6%,6,
2026-08-02|content|Company size|11-50 employees,2026-08-02,content,Company size,11-50 employees,6%,6,
"2026-08-02|content|Company size|501-1,000 employees",2026-08-02,content,Company size,"501-1,000 employees",5%,5,
2026-08-02|content|Company size|2-10 employees,2026-08-02,content,Company size,2-10 employees,3%,3,
2026-08-02|content|Seniority|Senior,2026-08-02,content,Seniority,Senior,46%,46,
2026-08-02|content|Seniority|Entry,2026-08-02,content,Seniority,Entry,22%,22,
2026-08-02|content|Seniority|Manager,2026-08-02,content,Seniority,Manager,8%,8,
2026-08-02|content|Seniority|Director,2026-08-02,content,Seniority,Director,6%,6,
2026-08-02|content|Seniority|VP,2026-08-02,content,Seniority,VP,2%,2,
2026-08-02|content|Seniority|CXO,2026-08-02,content,Seniority,CXO,1%,1,
2026-08-02|content|Seniority|Owner,2026-08-02,content,Seniority,Owner,1%,1,
2026-08-02|content|Seniority|Training,2026-08-02,content,Seniority,Training,1%,1,
2026-08-02|content|Seniority|Partner,2026-08-02,content,Seniority,Partner,< 1%,0.5,
2026-08-02|content|Job title|Software Engineer,2026-08-02,content,Job title,Software Engineer,12%,12,
2026-08-02|content|Job title|Data Engineer,2026-08-02,content,Job title,Data Engineer,6%,6,
2026-08-02|content|Job title|Solutions Architect,2026-08-02,content,Job title,Solutions Architect,2%,2,
2026-08-02|content|Job title|Architect,2026-08-02,content,Job title,Architect,1%,1,
2026-08-02|content|Job title|Data Architect,2026-08-02,content,Job title,Data Architect,1%,1,
2026-08-02|content|Job title|Data Scientist,2026-08-02,content,Job title,Data Scientist,1%,1,
2026-08-02|content|Job title|Full Stack Engineer,2026-08-02,content,Job title,Full Stack Engineer,1%,1,
2026-08-02|content|Job title|Project Manager,2026-08-02,content,Job title,Project Manager,1%,1,
2026-08-02|content|Industry|IT Services and IT Consulting,2026-08-02,content,Industry,IT Services and IT Consulting,41%,41,
2026-08-02|content|Industry|Software Development,2026-08-02,content,Industry,Software Development,19%,19,
"2026-08-02|content|Industry|Technology, Information and Internet",2026-08-02,content,Industry,"Technology, Information and Internet",5%,5,
2026-08-02|content|Industry|Financial Services,2026-08-02,content,Industry,Financial Services,4%,4,
2026-08-02|content|Industry|Hospitals and Health Care,2026-08-02,content,Industry,Hospitals and Health Care,2%,2,
2026-08-02|content|Industry|Data Infrastructure and Analytics,2026-08-02,content,Industry,Data Infrastructure and Analytics,2%,2,
2026-08-02|content|Industry|Banking,2026-08-02,content,Industry,Banking,2%,2,
2026-08-02|content|Industry|Telecommunications,2026-08-02,content,Industry,Telecommunications,1%,1,
2026-08-02|content|Industry|Business Consulting and Services,2026-08-02,content,Industry,Business Consulting and Services,1%,1,
